{
  "entities": [
    {
      "name": "DonorRequestorMapping",
      "displayName": "RR_Donor Requestor Mapping",
      "entityTypeId": 0,
      "entityType": "Entity",
      "description": "",
      "fields": [
        {
          "name": "DonorID",
          "isPrimaryKey": false,
          "isForeignKey": false,
          "isUnique": false,
          "referenceType": "ManyToOne",
          "sqlType": {
            "name": "NVARCHAR",
            "lengthLimit": 200
          },
          "isRequired": true,
          "displayName": "DonorID",
          "description": "",
          "isSystemField": false,
          "fieldDisplayType": "Basic",
          "isAttachment": false,
          "isRbacEnabled": false
        },
        {
          "name": "RequestorID",
          "isPrimaryKey": false,
          "isForeignKey": false,
          "isUnique": false,
          "referenceType": "ManyToOne",
          "sqlType": {
            "name": "NVARCHAR",
            "lengthLimit": 200
          },
          "isRequired": false,
          "displayName": "RequestorID",
          "description": "",
          "isSystemField": false,
          "fieldDisplayType": "Basic",
          "isAttachment": false,
          "isRbacEnabled": false
        },
        {
          "name": "Medicine",
          "isPrimaryKey": false,
          "isForeignKey": false,
          "isUnique": false,
          "referenceType": "ManyToOne",
          "sqlType": {
            "name": "NVARCHAR",
            "lengthLimit": 200
          },
          "isRequired": false,
          "displayName": "Medicine",
          "description": "",
          "isSystemField": false,
          "fieldDisplayType": "Basic",
          "isAttachment": false,
          "isRbacEnabled": false
        },
        {
          "name": "Count",
          "isPrimaryKey": false,
          "isForeignKey": false,
          "isUnique": false,
          "referenceType": "ManyToOne",
          "sqlType": {
            "name": "NVARCHAR",
            "lengthLimit": 200
          },
          "isRequired": false,
          "displayName": "Count",
          "description": "",
          "isSystemField": false,
          "fieldDisplayType": "Basic",
          "isAttachment": false,
          "isRbacEnabled": false
        }
      ],
      "isRbacEnabled": false
    },
    {
      "name": "DonorStock",
      "displayName": "RR_Donor Stock",
      "entityTypeId": 0,
      "entityType": "Entity",
      "description": "",
      "fields": [
        {
          "name": "ExpiryDate",
          "isPrimaryKey": false,
          "isForeignKey": false,
          "isUnique": false,
          "referenceType": "ManyToOne",
          "sqlType": {
            "name": "DATE",
            "lengthLimit": 200
          },
          "isRequired": false,
          "displayName": "ExpiryDate",
          "description": "",
          "isSystemField": false,
          "fieldDisplayType": "Basic",
          "isAttachment": false,
          "isRbacEnabled": false
        },
        {
          "name": "Stock",
          "isPrimaryKey": false,
          "isForeignKey": false,
          "isUnique": false,
          "referenceType": "ManyToOne",
          "sqlType": {
            "name": "DECIMAL",
            "lengthLimit": 1000,
            "maxValue": 1000000000000,
            "minValue": -1000000000000,
            "decimalPrecision": 2
          },
          "isRequired": true,
          "displayName": "Stock",
          "description": "",
          "isSystemField": false,
          "fieldDisplayType": "Basic",
          "isAttachment": false,
          "isRbacEnabled": false
        },
        {
          "name": "OriginalStock",
          "isPrimaryKey": false,
          "isForeignKey": false,
          "isUnique": false,
          "referenceType": "ManyToOne",
          "sqlType": {
            "name": "DECIMAL",
            "lengthLimit": 1000,
            "maxValue": 1000000000000,
            "minValue": -1000000000000,
            "decimalPrecision": 2
          },
          "isRequired": true,
          "displayName": "Original Stock",
          "description": "",
          "isSystemField": false,
          "fieldDisplayType": "Basic",
          "isAttachment": false,
          "isRbacEnabled": false
        },
        {
          "name": "DonarEmail",
          "isPrimaryKey": false,
          "isForeignKey": true,
          "isUnique": false,
          "referenceEntity": {
            "name": "UserDetails",
            "displayName": "RR_UserDetails",
            "entityTypeId": 0,
            "entityType": "Entity",
            "isRbacEnabled": false
          },
          "referenceField": {
            "definition": {
              "name": "Id",
              "isPrimaryKey": false,
              "isForeignKey": false,
              "isUnique": false,
              "referenceType": "ManyToOne",
              "sqlType": {
                "name": "UNIQUEIDENTIFIER"
              },
              "isRequired": false,
              "displayName": "Id",
              "isSystemField": false,
              "fieldDisplayType": "Basic",
              "isAttachment": false,
              "isRbacEnabled": false
            }
          },
          "referenceType": "ManyToOne",
          "sqlType": {
            "name": "UNIQUEIDENTIFIER",
            "lengthLimit": 200
          },
          "isRequired": true,
          "displayName": "DonarID",
          "description": "",
          "isSystemField": false,
          "fieldDisplayType": "Relationship",
          "isAttachment": false,
          "isRbacEnabled": false
        },
        {
          "name": "MedicineName",
          "isPrimaryKey": false,
          "isForeignKey": false,
          "isUnique": false,
          "referenceType": "ManyToOne",
          "sqlType": {
            "name": "NVARCHAR",
            "lengthLimit": 200
          },
          "isRequired": true,
          "displayName": "MedicineName",
          "description": "",
          "isSystemField": false,
          "fieldDisplayType": "Basic",
          "isAttachment": false,
          "isRbacEnabled": false
        }
      ],
      "isRbacEnabled": false
    },
    {
      "name": "Medicine",
      "displayName": "RR_Medicine",
      "entityTypeId": 0,
      "entityType": "Entity",
      "description": "",
      "fields": [
        {
          "name": "MedicineName",
          "isPrimaryKey": false,
          "isForeignKey": false,
          "isUnique": false,
          "referenceType": "ManyToOne",
          "sqlType": {
            "name": "NVARCHAR",
            "lengthLimit": 200
          },
          "isRequired": true,
          "displayName": "Medicine Name",
          "description": "",
          "isSystemField": false,
          "fieldDisplayType": "Basic",
          "isAttachment": false,
          "isRbacEnabled": false
        },
        {
          "name": "Disease",
          "isPrimaryKey": false,
          "isForeignKey": false,
          "isUnique": false,
          "referenceType": "ManyToOne",
          "sqlType": {
            "name": "NVARCHAR",
            "lengthLimit": 200
          },
          "isRequired": false,
          "displayName": "Disease",
          "description": "",
          "isSystemField": false,
          "fieldDisplayType": "Basic",
          "isAttachment": false,
          "isRbacEnabled": false
        },
        {
          "name": "Country",
          "isPrimaryKey": false,
          "isForeignKey": false,
          "isUnique": false,
          "referenceType": "ManyToOne",
          "sqlType": {
            "name": "NVARCHAR",
            "lengthLimit": 200
          },
          "isRequired": false,
          "displayName": "Country",
          "description": "",
          "isSystemField": false,
          "fieldDisplayType": "Basic",
          "isAttachment": false,
          "isRbacEnabled": false
        }
      ],
      "isRbacEnabled": false
    },
    {
      "name": "RequestorStock",
      "displayName": "RR_RequestorStock",
      "entityTypeId": 0,
      "entityType": "Entity",
      "description": "",
      "fields": [
        {
          "name": "RequestCount",
          "isPrimaryKey": false,
          "isForeignKey": false,
          "isUnique": false,
          "referenceType": "ManyToOne",
          "sqlType": {
            "name": "DECIMAL",
            "lengthLimit": 1000,
            "maxValue": 1000000000000,
            "minValue": -1000000000000,
            "decimalPrecision": 2
          },
          "isRequired": true,
          "displayName": "Request Count",
          "description": "",
          "isSystemField": false,
          "fieldDisplayType": "Basic",
          "isAttachment": false,
          "isRbacEnabled": false
        },
        {
          "name": "EmailRequestor",
          "isPrimaryKey": false,
          "isForeignKey": true,
          "isUnique": false,
          "referenceEntity": {
            "name": "UserDetails",
            "displayName": "RR_UserDetails",
            "entityTypeId": 0,
            "entityType": "Entity",
            "isRbacEnabled": false
          },
          "referenceField": {
            "definition": {
              "name": "Id",
              "isPrimaryKey": false,
              "isForeignKey": false,
              "isUnique": false,
              "referenceType": "ManyToOne",
              "sqlType": {
                "name": "UNIQUEIDENTIFIER"
              },
              "isRequired": false,
              "displayName": "Id",
              "isSystemField": false,
              "fieldDisplayType": "Basic",
              "isAttachment": false,
              "isRbacEnabled": false
            }
          },
          "referenceType": "ManyToOne",
          "sqlType": {
            "name": "UNIQUEIDENTIFIER",
            "lengthLimit": 200
          },
          "isRequired": true,
          "displayName": "RequestorId",
          "description": "",
          "isSystemField": false,
          "fieldDisplayType": "Relationship",
          "isAttachment": false,
          "isRbacEnabled": false
        },
        {
          "name": "RequestStock",
          "isPrimaryKey": false,
          "isForeignKey": false,
          "isUnique": false,
          "referenceType": "ManyToOne",
          "sqlType": {
            "name": "DECIMAL",
            "lengthLimit": 1000,
            "maxValue": 1000000000000,
            "minValue": -1000000000000,
            "decimalPrecision": 2
          },
          "isRequired": true,
          "displayName": "RequestStock",
          "description": "",
          "isSystemField": false,
          "fieldDisplayType": "Basic",
          "isAttachment": false,
          "isRbacEnabled": false
        },
        {
          "name": "Active",
          "isPrimaryKey": false,
          "isForeignKey": false,
          "isUnique": false,
          "referenceType": "ManyToOne",
          "sqlType": {
            "name": "BIT",
            "lengthLimit": 200
          },
          "isRequired": true,
          "displayName": "Active",
          "description": "",
          "isSystemField": false,
          "fieldDisplayType": "Basic",
          "isAttachment": false,
          "isRbacEnabled": false
        },
        {
          "name": "MedicineName",
          "isPrimaryKey": false,
          "isForeignKey": false,
          "isUnique": false,
          "referenceType": "ManyToOne",
          "sqlType": {
            "name": "NVARCHAR",
            "lengthLimit": 200
          },
          "isRequired": true,
          "displayName": "Medicine Name",
          "description": "",
          "isSystemField": false,
          "fieldDisplayType": "Basic",
          "isAttachment": false,
          "isRbacEnabled": false
        }
      ],
      "isRbacEnabled": false
    },
    {
      "name": "UserDetails",
      "displayName": "RR_UserDetails",
      "entityTypeId": 0,
      "entityType": "Entity",
      "description": "",
      "fields": [
        {
          "name": "Email",
          "isPrimaryKey": false,
          "isForeignKey": false,
          "isUnique": false,
          "referenceType": "ManyToOne",
          "sqlType": {
            "name": "NVARCHAR",
            "lengthLimit": 200
          },
          "isRequired": true,
          "displayName": "Email",
          "description": "",
          "isSystemField": false,
          "fieldDisplayType": "Basic",
          "isAttachment": false,
          "isRbacEnabled": false
        },
        {
          "name": "UserName",
          "isPrimaryKey": false,
          "isForeignKey": false,
          "isUnique": false,
          "referenceType": "ManyToOne",
          "sqlType": {
            "name": "NVARCHAR",
            "lengthLimit": 200
          },
          "isRequired": false,
          "displayName": "UserName",
          "description": "",
          "isSystemField": false,
          "fieldDisplayType": "Basic",
          "isAttachment": false,
          "isRbacEnabled": false
        },
        {
          "name": "Country",
          "isPrimaryKey": false,
          "isForeignKey": false,
          "isUnique": false,
          "referenceType": "ManyToOne",
          "sqlType": {
            "name": "NVARCHAR",
            "lengthLimit": 200
          },
          "isRequired": false,
          "displayName": "Country",
          "description": "",
          "isSystemField": false,
          "fieldDisplayType": "Basic",
          "isAttachment": false,
          "isRbacEnabled": false
        },
        {
          "name": "Role",
          "isPrimaryKey": false,
          "isForeignKey": false,
          "isUnique": false,
          "referenceType": "ManyToOne",
          "sqlType": {
            "name": "NVARCHAR",
            "lengthLimit": 200
          },
          "isRequired": false,
          "displayName": "Role",
          "description": "",
          "isSystemField": false,
          "fieldDisplayType": "Basic",
          "defaultValue": "User",
          "isAttachment": false,
          "isRbacEnabled": false
        }
      ],
      "isRbacEnabled": false
    }
  ],
  "choicesets": []
}